Actual,Predicted
21,27.675399518949654
24,22.15666688770067
95,86.54188091893882
47,51.589907587695244
